"paritytrading/philadelphia","7cfd4c04078ad270d68ce4586209450fd188a0d8","1475272800","1.10.3","","","com.paritytrading.philadelphia.perf.FIXValueBenchmark.asChar","","","","","","","BOTH_UNSET","BOTH_UNSET","BOTH_UNSET","","","","","","","BOTH_UNSET","BOTH_UNSET","BOTH_UNSET","","","","","","","false","false","","false","false","","true","true","","false","false","","","0","false","false","false","false","false","","","0","0","char","false","08a281617bb174217ca6ff3fad22d4367ab2679c8116a8fd20ab376ea7eb8755"
"paritytrading/philadelphia","7cfd4c04078ad270d68ce4586209450fd188a0d8","1475272800","1.10.3","","","com.paritytrading.philadelphia.perf.FIXValueBenchmark.setChar","","","","","","","BOTH_UNSET","BOTH_UNSET","BOTH_UNSET","","","","","","","BOTH_UNSET","BOTH_UNSET","BOTH_UNSET","","","","","","","false","false","","false","false","","true","true","","false","false","","","0","false","false","false","false","false","","","0","0","","false","a3e3c5979984be3db0cf3c9ef558865ee7acf471fd33d6acabb6513e868e75cd"
"paritytrading/philadelphia","7cfd4c04078ad270d68ce4586209450fd188a0d8","1475272800","1.10.3","","","com.paritytrading.philadelphia.perf.FIXValueBenchmark.asInt","","","","","","","BOTH_UNSET","BOTH_UNSET","BOTH_UNSET","","","","","","","BOTH_UNSET","BOTH_UNSET","BOTH_UNSET","","","","","","","false","false","","false","false","","true","true","","false","false","","","0","false","false","false","false","false","","","0","0","long","false","6381bf8abe530081e56abffa27cdc7c221f9c947b93ca9808369e754cc102910"
"paritytrading/philadelphia","7cfd4c04078ad270d68ce4586209450fd188a0d8","1475272800","1.10.3","","","com.paritytrading.philadelphia.perf.FIXValueBenchmark.setInt","","","","","","","BOTH_UNSET","BOTH_UNSET","BOTH_UNSET","","","","","","","BOTH_UNSET","BOTH_UNSET","BOTH_UNSET","","","","","","","false","false","","false","false","","true","true","","false","false","","","0","false","false","false","false","false","","","0","0","","false","5c23fd3fc94688dc8b0332f4f074e867fd80058ea7122a79fbf0e3c12892a0f7"
"paritytrading/philadelphia","7cfd4c04078ad270d68ce4586209450fd188a0d8","1475272800","1.10.3","","","com.paritytrading.philadelphia.perf.FIXValueBenchmark.asFloat","","","","","","","BOTH_UNSET","BOTH_UNSET","BOTH_UNSET","","","","","","","BOTH_UNSET","BOTH_UNSET","BOTH_UNSET","","","","","","","false","false","","false","false","","true","true","","false","false","","","0","false","false","false","false","false","","","0","0","double","false","4b9cdc85ece4e1124d98e85ef315c6bfa87cda56411eab7f6c6535f009c51904"
"paritytrading/philadelphia","7cfd4c04078ad270d68ce4586209450fd188a0d8","1475272800","1.10.3","","","com.paritytrading.philadelphia.perf.FIXValueBenchmark.setFloat","","","","","","","BOTH_UNSET","BOTH_UNSET","BOTH_UNSET","","","","","","","BOTH_UNSET","BOTH_UNSET","BOTH_UNSET","","","","","","","false","false","","false","false","","true","true","","false","false","","","0","false","false","false","false","false","","","0","0","","false","3ea3b56a22cf0ebd2d601f9381cbaab80f70ff5709159afb43762a829c18b41a"
"paritytrading/philadelphia","7cfd4c04078ad270d68ce4586209450fd188a0d8","1475272800","1.10.3","","","com.paritytrading.philadelphia.perf.FIXValueBenchmark.asString","","","","","","","BOTH_UNSET","BOTH_UNSET","BOTH_UNSET","","","","","","","BOTH_UNSET","BOTH_UNSET","BOTH_UNSET","","","","","","","false","false","","false","false","","true","true","","false","false","","","0","false","false","false","false","false","","","0","0","java.lang.StringBuilder","false","7abf13cb87a6168bea497555e30b15e256a6c802084ea19f0bcff062a0e6f8cb"
"paritytrading/philadelphia","7cfd4c04078ad270d68ce4586209450fd188a0d8","1475272800","1.10.3","","","com.paritytrading.philadelphia.perf.FIXValueBenchmark.setString","","","","","","","BOTH_UNSET","BOTH_UNSET","BOTH_UNSET","","","","","","","BOTH_UNSET","BOTH_UNSET","BOTH_UNSET","","","","","","","false","false","","false","false","","true","true","","false","false","","","0","false","false","false","false","false","","","0","0","","false","c4f63f61ea65f4e4d744a486356f85731f2a86773e22ad1f26c933a26bd37bdf"
"paritytrading/philadelphia","7cfd4c04078ad270d68ce4586209450fd188a0d8","1475272800","1.10.3","","","com.paritytrading.philadelphia.perf.FIXValueBenchmark.asDate","","","","","","","BOTH_UNSET","BOTH_UNSET","BOTH_UNSET","","","","","","","BOTH_UNSET","BOTH_UNSET","BOTH_UNSET","","","","","","","false","false","","false","false","","true","true","","false","false","","","0","false","false","false","false","false","","","0","0","com.paritytrading.philadelphia.perf.MutableDateTime","false","ff62dfa6f684e87f607f4b702583f4a50657c04c2e2e79efa51f8f043af67207"
"paritytrading/philadelphia","7cfd4c04078ad270d68ce4586209450fd188a0d8","1475272800","1.10.3","","","com.paritytrading.philadelphia.perf.FIXValueBenchmark.setDate","","","","","","","BOTH_UNSET","BOTH_UNSET","BOTH_UNSET","","","","","","","BOTH_UNSET","BOTH_UNSET","BOTH_UNSET","","","","","","","false","false","","false","false","","true","true","","false","false","","","0","false","false","false","false","false","","","0","0","","false","692b2e3ecbb0b75e3c2b0f25253523dc06f64212fc37ad038fb4580d169cdd19"
"paritytrading/philadelphia","7cfd4c04078ad270d68ce4586209450fd188a0d8","1475272800","1.10.3","","","com.paritytrading.philadelphia.perf.FIXValueBenchmark.asTimeOnly","","","","","","","BOTH_UNSET","BOTH_UNSET","BOTH_UNSET","","","","","","","BOTH_UNSET","BOTH_UNSET","BOTH_UNSET","","","","","","","false","false","","false","false","","true","true","","false","false","","","0","false","false","false","false","false","","","0","0","com.paritytrading.philadelphia.perf.MutableDateTime","false","8652434513c24ea6cccdc062ba0aabafccf947897939284bd850bf999b60cebe"
"paritytrading/philadelphia","7cfd4c04078ad270d68ce4586209450fd188a0d8","1475272800","1.10.3","","","com.paritytrading.philadelphia.perf.FIXValueBenchmark.setTimeOnly","","","","","","","BOTH_UNSET","BOTH_UNSET","BOTH_UNSET","","","","","","","BOTH_UNSET","BOTH_UNSET","BOTH_UNSET","","","","","","","false","false","","false","false","","true","true","","false","false","","","0","false","false","false","false","false","","","0","0","","false","0897f5987f1d721d62d624ea39a2a7b253bf2dcc5e5594e79fa565998f214b61"
"paritytrading/philadelphia","7cfd4c04078ad270d68ce4586209450fd188a0d8","1475272800","1.10.3","","","com.paritytrading.philadelphia.perf.FIXValueBenchmark.asTimestamp","","","","","","","BOTH_UNSET","BOTH_UNSET","BOTH_UNSET","","","","","","","BOTH_UNSET","BOTH_UNSET","BOTH_UNSET","","","","","","","false","false","","false","false","","true","true","","false","false","","","0","false","false","false","false","false","","","0","0","com.paritytrading.philadelphia.perf.MutableDateTime","false","d0678a56e762a54936c7b016d81f3e11c22a14b988510099ea38f328fd1123a8"
"paritytrading/philadelphia","7cfd4c04078ad270d68ce4586209450fd188a0d8","1475272800","1.10.3","","","com.paritytrading.philadelphia.perf.FIXValueBenchmark.setTimestamp","","","","","","","BOTH_UNSET","BOTH_UNSET","BOTH_UNSET","","","","","","","BOTH_UNSET","BOTH_UNSET","BOTH_UNSET","","","","","","","false","false","","false","false","","true","true","","false","false","","","0","false","false","false","false","false","","","0","0","","false","7cd056951b3e1cd987c07c082a92c9db32b83082567eb8b79ea4b141624bfa61"
"paritytrading/philadelphia","7cfd4c04078ad270d68ce4586209450fd188a0d8","1475272800","1.10.3","","","com.paritytrading.philadelphia.perf.FIXTagsBenchmark.get","","","","","","","BOTH_UNSET","BOTH_UNSET","BOTH_UNSET","","","","","","","BOTH_UNSET","BOTH_UNSET","BOTH_UNSET","","","","","","","false","false","","false","false","","true","true","","false","false","","","0","false","false","false","false","false","","","0","0","long","false","63a2a906c3c165f64a5d387794859cf8071d9eb0969eb5cb07ae6bb4d536c9bd"
"paritytrading/philadelphia","7cfd4c04078ad270d68ce4586209450fd188a0d8","1475272800","1.10.3","","","com.paritytrading.philadelphia.perf.FIXTagsBenchmark.put","","","","","","","BOTH_UNSET","BOTH_UNSET","BOTH_UNSET","","","","","","","BOTH_UNSET","BOTH_UNSET","BOTH_UNSET","","","","","","","false","false","","false","false","","true","true","","false","false","","","0","false","false","false","false","false","","","0","0","","false","09624bce150b8db404d9493a1504d56beb1773a06d49c84613b33e7ad51df496"
"paritytrading/philadelphia","7cfd4c04078ad270d68ce4586209450fd188a0d8","1475272800","1.10.3","","","com.paritytrading.philadelphia.perf.FIXCheckSumsBenchmark.sum","","","","","","","BOTH_UNSET","BOTH_UNSET","BOTH_UNSET","","","","","","","BOTH_UNSET","BOTH_UNSET","BOTH_UNSET","","","","","","","false","false","","false","false","","true","true","","false","false","","","0","false","false","false","false","false","","","0","0","long","false","ca40414d6e13a871eb0067bec5e5801cf6b498f8d1ba6662fefc56a00824403c"
"paritytrading/philadelphia","7cfd4c04078ad270d68ce4586209450fd188a0d8","1475272800","1.10.3","","","com.paritytrading.philadelphia.perf.FIXTimestampsBenchmark.append","","","","","","","BOTH_UNSET","BOTH_UNSET","BOTH_UNSET","","","","","","","BOTH_UNSET","BOTH_UNSET","BOTH_UNSET","","","","","","","false","false","","false","false","","true","true","","false","false","","","0","false","false","false","false","false","","","0","0","java.lang.StringBuilder","false","407ada72a8c28a41a51331337c1b7cb0f541ce5413bbc4c154e628c791159395"
"paritytrading/philadelphia","7cfd4c04078ad270d68ce4586209450fd188a0d8","1475272800","1.10.3","","","com.paritytrading.philadelphia.perf.FIXMessageBenchmark.get","","","","","","","BOTH_UNSET","BOTH_UNSET","BOTH_UNSET","","","","","","","BOTH_UNSET","BOTH_UNSET","BOTH_UNSET","","","","","","","false","false","","false","false","","true","true","","false","false","","","0","false","false","false","false","false","","","0","0","com.paritytrading.philadelphia.FIXMessage","false","6b8f4bbdf63e71ea761144252ab5ba8079ace0e253bd194441ac39238ceac4be"
"paritytrading/philadelphia","7cfd4c04078ad270d68ce4586209450fd188a0d8","1475272800","1.10.3","","","com.paritytrading.philadelphia.perf.FIXMessageBenchmark.put","","","","","","","BOTH_UNSET","BOTH_UNSET","BOTH_UNSET","","","","","","","BOTH_UNSET","BOTH_UNSET","BOTH_UNSET","","","","","","","false","false","","false","false","","true","true","","false","false","","","0","false","false","false","false","false","","","0","0","","false","fdd317a51e2ac31d44e76aed3426dd2ce88f7a4e17d973775c75feb6b1502b56"
"paritytrading/philadelphia","7cfd4c04078ad270d68ce4586209450fd188a0d8","1475272800","1.10.3","","","com.paritytrading.philadelphia.perf.FIXMessageBenchmark.formatAndPut","","","","","","","BOTH_UNSET","BOTH_UNSET","BOTH_UNSET","","","","","","","BOTH_UNSET","BOTH_UNSET","BOTH_UNSET","","","","","","","false","false","","false","false","","true","true","","false","false","","","0","false","false","false","false","false","","","0","0","","false","6bb2ee8baabdd478c9f42aed1e9afe67852fa7b3468d5dd764d0ca819b976daa"
